Workbook

Sheet BOM
A1: DIY Nano Drone — Bill of Materials
A2: Legend: blue text / yellow fill = edit these cells. Status dropdown: Have · To order · Ordered · Received · Verified · Deferred. Est. costs are as of 2026-10-30; verify at checkout.
A4: ID | B4: Order | C4: Category | D4: Item | E4: Spec to verify before buying / on arrival | F4: Qty needed | G4: Qty to buy | H4: Vendor | I4: Link | J4: Est. cost ($) | K4: Actual cost ($) | L4: Status | M4: Notes
A5: 01 | B5: A | C5: Flight controller | D5: ESP32-C3 SuperMini (3-pack) | E5: Title says 'SuperMini'; USB-C; BOOT + RESET buttons | F5: 2 | G5: 1 pack | H5: AliExpress (TENSTAR, HongWeiWei) | J5: 11.39 | K5: 0 | L5: Received | M5: 1 drone FC, 1 ground station
A6: 02 | B6: A | C6: Sensors | D6: GY-521 MPU-6050 (2–3 pack) | E6: On arrival: WHO_AM_I reads 0x68 | F6: 1 | G6: 1 pack | H6: AliExpress (VoltSteed Pro Store) | J6: 7 | K6: 6.45 | L6: Received | M6: Spare in case of a bad clone
A7: 03 | B7: A | C7: Propulsion | D7: 8520 coreless brushed motor set, 2 CW + 2 CCW | E7: 1.0 mm shaft; 8.5 x 20 mm; ~5 g each | F7: 4 | G7: 1 set | H7: SpeedyFPV | I7: link | J7: 4.49 | K7: 4.49 | L7: Ordered | M7: On sale $4.49 (list $8.99)
A8: 04 | B8: A | C8: Propulsion | D8: LDARC 65 mm props, 1 mm shaft (20 pcs) | E8: Listing title says 1 mm shaft; 10 CW + 10 CCW | F8: 4 | G8: 1 pack | H8: AliExpress (Hippogriff Workshop Store) | I8: link | J8: 6.99 | K8: 2.89 | L8: Ordered | M8: Spares for crashes
A9: 05 | B9: A | C9: Shipping | D9: SpeedyFPV shipping | H9: SpeedyFPV | J9: 1.99 | K9: 1.99 | L9: Ordered | M9: Listed estimate
A10: 06 | B10: A | C10: Test rig | D10: 1 kg straight-bar load cell + HX711 | E10: 1 kg capacity (not 5 kg); HX711 80 Hz mode | F10: 1 | G10: 1 kit (4-set ok) | H10: AliExpress (Estardyn Choice Store) | I10: link | J10: 11.19 | K10: 2.19 | L10: Ordered | M10: Thrust stand + precision scale
A11: 07 | B11: A | C11: Motor driver | D11: AO3400A N-ch MOSFET, SOT-23 | E11: Datasheet R_DS(on) spec'd at 2.5 V gate | F11: 4 | G11: 10 | H11: AliExpress (IRUWB) | I11: link | J11: 2.82 | K11: 1.59 | L11: Ordered | M11: 100 pcs
A12: 08 | B12: A | C12: Motor driver | D12: SS34 Schottky diode, 40 V 3 A | E12: SMA/SMB package; check cathode band | F12: 4 | G12: 10 | H12: AliExpress (Shop1104159084) | J12: 2 | K12: 1.79 | L12: Ordered | M12: 90 pcs
A13: 09 | B13: A | C13: Motor driver | D13: SOT-23 to DIP adapter boards | E13: Fits SOT-23-3 | F13: 4 | G13: 10 | H13: AliExpress (Ediy) | J13: 3 | K13: 2.16 | L13: Ordered | M13: 5 pcs
A14: 10 | B14: A | C14: Power | D14: 470 µF electrolytic capacitor | E14: ≥ 10 V rating; low-ESR preferred | F14: 1 | G14: 2 | H14: AliExpress | J14: 1 | K14: 3.19 | L14: Ordered | M14: 120 pcs assorted
A15: 11 | B15: A | C15: Power | D15: 10 nF ceramic capacitor (103) | F15: 1 | G15: 10 | H15: AliExpress (TENSTAR) | J15: 1 | K15: 4.19 | L15: Ordered | M15: 300 pcs assorted
A16: 12 | B16: A | C16: Remote | D16: SPDT toggle switch | F16: 1 | G16: 2 | H16: AliExpress (Ace Wong) | J16: 2 | K16: 1.39 | L16: Ordered | M16: 20 pcs
A17: 13 | B17: A | C17: Shipping | D17: Order 3 shipping (if any) | J17: 0 | K17: 0 | L17: Ordered | M17: Fill in at checkout
A18: 14 | B18: B | C18: Power | D18: 1S LiPo/LiHV, ~450 mAh, BT2.0 (4-pack) | E18: Chemistry matches charger (4.20 vs 4.35 V) | F18: 2 | G18: 1 pack | H18: BETAFPV / SpeedyFPV | J18: 16 | L18: Deferred | M18: Est. — verify after Milestone 3
A19: 15 | B19: B | C19: Power | D19: 1S charger, BT2.0, matching chemistry | E19: Charge voltage matches battery | F19: 1 | G19: 1 | H19: BETAFPV | J19: 8 | L19: Deferred | M19: Est. — verify
A20: 16 | B20: B | C20: Power | D20: BT2.0 pigtail | F20: 1 | G20: 2 | H20: BETAFPV / SpeedyFPV | J20: 3 | L20: Deferred | M20: Est. — verify
A21: 17 | B21: B | C21: Power | D21: 3.3 V buck-boost regulator (Pololu S7V8F3 or equiv.) | E21: Input 2.7 V+; ≥ 500 mA out | F21: 1 | G21: 1 | H21: Pololu | J21: 11 | L21: Deferred | M21: Est. — verify
A22: 18 | B22: B | C22: Mechanical | D22: M2 screws / nylon standoffs kit | F22: 1 | G22: 1 kit | H22: Amazon | J22: 6 | L22: Deferred | M22: Est.
A23: 19 | B23: B | C23: Mechanical | D23: Hook-and-loop battery strap | F23: 1 | G23: 2 | H23: Amazon | J23: 2 | L23: Deferred | M23: Est.
A24: 20 | B24: Have | C24: Prototyping | D24: Breadboard + M-M / M-F jumpers | F24: 1 | G24: 0 | H24: ELEGOO kit | J24: 0 | L24: Have
A25: 21 | B25: Have | C25: Passives | D25: 100 Ω resistors | F25: 4 | G25: 0 | H25: ELEGOO kit | J25: 0 | L25: Have | M25: Gate resistors
A26: 22 | B26: Have | C26: Passives | D26: 100 kΩ resistors | F26: 6 | G26: 0 | H26: ELEGOO kit | J26: 0 | L26: Have | M26: Gate pull-downs + battery divider
A27: 23 | B27: Have | C27: Passives | D27: 100 nF ceramic (104) | F27: 6 | G27: 0 | H27: ELEGOO kit | J27: 0 | L27: Have | M27: Decoupling
A28: 24 | B28: Have | C28: Passives | D28: 10 µF capacitors | E28: ≥ 6.3 V | F28: 2 | G28: 0 | H28: ELEGOO kit | J28: 0 | L28: Have
A29: 25 | B29: Have | C29: Remote | D29: LEDs + momentary button | F29: 1 | G29: 0 | H29: ELEGOO kit | J29: 0 | L29: Have | M29: Status LEDs, kill switch
A30: 26 | B30: Have | C30: Materials | D30: PETG filament (1 kg) | F30: ~100 g | G30: 0 | H30: On hand | J30: 0 | L30: Have | M30: Frame, rigs, coupon
A31: 27 | B31: Have | C31: Materials | D31: TPU filament | F31: ~20 g | G31: 0 | H31: On hand | J31: 0 | L31: Have | M31: Prop guards
A32: 28 | B32: Have | C32: Tools | D32: Bench supply 0–30 V / 0–10 A, multimeter, FNIRSI scope, iron, calipers, data cable, glasses, LiPo bag | G32: 0 | H32: On hand | J32: 0 | L32: Have | M32: Verified 2026-10-30
A33: 29 | B33: Have | C33: Wiring | D33: Silicone wire 22 AWG + 26–28 AWG, heat-shrink | E33: Confirm you have it | G33: 0 | H33: On hand? | J33: 0 | L33: Have | M33: Change to 'To order' if missing
A34: 30 | B34: Later | C34: Remote | D34: KY-023 joystick modules (pair) | F34: 2 | G34: 1 pair | H34: Amazon / AliExpress | J34: 4 | L34: Deferred | M34: Milestone 9 handheld remote
I36: Totals | J36: =SUM(J5:J34) -> 104.87 | K36: =SUM(K5:K34) -> 32.32

Sheet Mass Budget
A1: Mass Budget — Milestone 0
A2: Fill yellow cells with vendor-listed masses now (cite the source); replace with load-cell measurements later. Totals and thrust checks compute automatically.
A4: Component | B4: Qty | C4: Est. mass each (g) | D4: Source of estimate | E4: Est. total (g) | F4: Measured each (g) | G4: Measured total (g) | H4: Notes
A5: 8520 motor | B5: 4 | C5: 5 | D5: SpeedyFPV listing | E5: =IF(C5="","",B5*C5) -> 20 | G5: =IF(F5="","",B5*F5)
A6: 65 mm prop | B6: 4 | C6: 0.4 | D6: LDARC listing (SpeedyFPV) | E6: =IF(C6="","",B6*C6) -> 1.6 | G6: =IF(F6="","",B6*F6)
A7: 1S ~450 mAh battery | B7: 1 | E7: =IF(C7="","",B7*C7) | G7: =IF(F7="","",B7*F7)
A8: ESP32-C3 SuperMini | B8: 1 | E8: =IF(C8="","",B8*C8) | G8: =IF(F8="","",B8*F8)
A9: GY-521 IMU | B9: 1 | E9: =IF(C9="","",B9*C9) | G9: =IF(F9="","",B9*F9)
A10: 3.3 V buck-boost regulator | B10: 1 | E10: =IF(C10="","",B10*C10) | G10: =IF(F10="","",B10*F10)
A11: Motor-driver board (MOSFETs, diodes, caps, perfboard) | B11: 1 | E11: =IF(C11="","",B11*C11) | G11: =IF(F11="","",B11*F11)
A12: Wiring + BT2.0 pigtail | B12: 1 | E12: =IF(C12="","",B12*C12) | G12: =IF(F12="","",B12*F12)
A13: Frame (target 10–15 g) | B13: 1 | E13: =IF(C13="","",B13*C13) | G13: =IF(F13="","",B13*F13)
A14: Prop guards | B14: 4 | E14: =IF(C14="","",B14*C14) | G14: =IF(F14="","",B14*F14)
A15: Fasteners, tape, strap, foam | B15: 1 | E15: =IF(C15="","",B15*C15) | G15: =IF(F15="","",B15*F15)
E16: Estimate | G16: Measured
A17: Subtotal (g) | E17: =SUM(E5:E15) -> 21.6 | G17: =SUM(G5:G15) -> 0
A18: Margin for forgotten items | E18: =0.15 -> 0.15
A19: All-up weight, AUW (g) | E19: =E17*(1+E18) -> 24.84 | G19: =G17 -> 0
A20: Hover thrust per motor = AUW/4 (g) | E20: =E19/4 -> 6.21 | G20: =G19/4 -> 0
A21: Required max thrust per motor for T/W = 2 (g) | E21: =2*E20 -> 12.42 | G21: =2*G20 -> 0
A22: Max thrust per motor (g) | E22: =27 -> 27 | H22: Placeholder: one buyer's review of the SpeedyFPV set reported 27 g. Replace with your thrust-stand result (Milestone 3).
A23: Thrust-to-weight ratio | E23: =IF(E19=0,"",4*E22/E19) -> 4.3478261 | G23: =IF(G19=0,"",4*E22/G19) | H23: Target ≥ 2.0 for adequate control authority

Sheet Budget
A1: Budget Summary
A3: Project budget ($) | B3: =100 -> 100
A4: Order A — estimated | B4: =SUMIFS(BOM!J5:J34,BOM!B5:B34,"A") -> 54.87
A5: Order B — estimated | B5: =SUMIFS(BOM!J5:J34,BOM!B5:B34,"B") -> 46
A6: Later (stretch) — estimated | B6: =SUMIFS(BOM!J5:J34,BOM!B5:B34,"Later") -> 4
A7: Total estimated (A + B) | B7: =B4+B5 -> 100.87
A8: Remaining after estimate (A + B) | B8: =B3-B7 -> -0.87
A9: Actual spent to date | B9: =SUM(BOM!K5:K34) -> 32.32
A10: Remaining vs. actual | B10: =B3-B9 -> 67.68
A12: Status counts
A13: Have | B13: =COUNTIF(BOM!L5:L34,"Have") -> 10
A14: To order | B14: =COUNTIF(BOM!L5:L34,"To order") -> 0
A15: Ordered | B15: =COUNTIF(BOM!L5:L34,"Ordered") -> 11
A16: Received | B16: =COUNTIF(BOM!L5:L34,"Received") -> 2
A17: Verified | B17: =COUNTIF(BOM!L5:L34,"Verified") -> 0
A18: Deferred | B18: =COUNTIF(BOM!L5:L34,"Deferred") -> 7
